# path	count	sha256(normalized declarations)	review reason
Source/Client/ModelAnimation.cpp	4	29b819e81dc6d18eed5a2667ef80feda45f3487f3544f9dceb2e5d9c741c23ee	numeric joint-presence and runtime animation track masks
Source/Client/ModelAnimation.h	4	6dc2c40ad243066035df948d13ac935e26e48b8494c3ef84381391e80a46b695	numeric joint-presence and runtime animation track masks
Source/Client/ModelInformation.cpp	2	d5f658ad482f872052888f4294dbef76d3df4ef2f642a4aa202ad0fcc64b0b19	numeric rest-pose traversal visitation flags
Source/Client/ModelInstance.cpp	2	9ab6fe5db7cc2f45adb3e89763aaa75e915d61899ce4d8217ab306aada1a7c33	numeric animation joint-selection masks
Source/Client/ModelInstance.h	3	ccf9bc0f302c0432d2e7804efd67e2f1a22c3fd1cf8382be52b6ace7ef09bda0	numeric animation joint-selection masks
Source/Common/EntityProperties.h	2	f00991cd222832d4b20c11fb82f072cadd991784c86e54aa67dab358510be86a	numeric gameplay direction runs and RGB day-color channels
Source/Common/Geometry.cpp	1	9189a928c1b3b86a2da2e39a5d9997c1f1b7aa79d4700deba2c298cf72318594	numeric multihex direction and run-length values
Source/Common/Geometry.h	1	e054b7edc72d28619a15d62ec8e4b7dbbacf9150181a4309c47763f12269a9d6	numeric multihex direction and run-length values
Source/Common/ModelAnimationData.cpp	1	1fa4e8f220933bd63a84791b513dfe30f6b337d05c972700b7e01d6da6ef476d	numeric animation-clip reference flags
Source/Common/ModelAnimationData.h	1	c33459d21817952833546b5294f4dd00dbe98411b745118ccde92f190d206465	numeric canonical-joint presence mask
Source/Common/NetBuffer.h	1	052fa045f2410c7a3228d895aaacf57a0824c20ef71093c1ecac700a18705611	numeric network encryption key schedule
Source/Common/Settings.inc	1	42c3b4efee560e4a2d59f71951167ab6c29300ab4150c0aae4678ef7db9dadef	numeric RGB day-color setting channels
Source/Scripting/AngelScript/AngelScriptBackend.cpp	2	ef8a320a5f631de48bba0a42b68df1482e88962c2863b231272a54f0dc785d31	fixed preprocessor LineNumberTranslator vector<uint8_t> ABI
Source/Scripting/ClientGlobalScriptMethods.cpp	4	b5b117169d59bf63d5b5dda23b791fd7c9a1e8ce8a71a928aa87676643735d14	AngelScript uint8[] cache-data ABI converted to byte at the native boundary
Source/Tests/Test_ClientDataValidation.cpp	1	dc21bf2b04e44f9ee7e95b8b9f79453cdc60c51441fb2200c5b82180606aaee8	compile-time gates proving numeric uint8_t containers cannot enter raw-byte APIs
Source/Tests/Test_DataSerialization.cpp	2	416efe6e539ddc7742f22e6c198a9d3648ab41cc7e9cad82c96ffffb254db3a1	compile-time gates proving numeric uint8_t containers cannot enter raw-byte APIs
Source/Tests/Test_FileSystem.cpp	1	c0b2da7d595f6fffff610594b5bd90a57fe8c1969c7f870c3354569ffdaacef0	compile-time gate proving numeric uint8_t spans cannot enter raw-byte APIs
Source/Tests/Test_Geometry.cpp	3	1bec8c09644998d0ec1b39b613399e3455bb61facafa46546f6453f2aeddff86	numeric multihex direction and run-length test values
Source/Tests/Test_HashedString.cpp	1	a6e0313eb5262e8481533a4f2d6304c6b1ab9e580c1478c3c3418d75e5718adf	compile-time gate proving numeric uint8_t spans cannot enter text hashing APIs
Source/Tests/Test_ImageBaker.cpp	33	2d38d4e59e23cb40ddf037b0c2f3f030a7f4b45698debd995a01aca581b32f5d	numeric decoded RGBA channels palette indices and expected pixel values
Source/Tests/Test_ModelAnimation.cpp	3	49dd2bcb7fa52047f29002189d6e8df3b04892f5ab14f163497fa46ba7015888	numeric canonical-joint presence test masks
Source/Tests/Test_ModelAnimationConverter.cpp	10	2343eb8942df1f70fdbf41f55bc3dd029cbd5531099b7f96facb1e27a08a7efa	numeric animation joint-presence and track-selection test masks
Source/Tests/Test_ModelBaker.cpp	1	f064b572d0b1b567759327f7fc5355b3b069879c4eb3a4a43113d7236562e526	numeric mesh-vertex visitation flags
Source/Tests/Test_NetBuffer.cpp	2	c1f6f07975878c78c0581a5a4e3fa7aa2e34c56a9ca7012af645773f6e6a5153	compile-time gates proving numeric uint8_t spans cannot enter raw-byte network APIs
Source/Tests/Test_NetSockets.cpp	1	97159b29bb544146ae7c38757296d188c48d423e358f5505f00573746cb79bf9	compile-time gate proving numeric uint8_t spans cannot enter raw-byte socket APIs
Source/Tests/Test_Properties.cpp	1	b749b8c680cd9d49365d26af9c0c0a4f25605d35b250d3c77a1f2d263a3eefc6	compile-time gates proving numeric uint8_t containers cannot enter raw property APIs
Source/Tests/Test_TextureAtlas.cpp	1	3c035663115a0038b5a4e3749d41b0474bbe94d9445c22252bde4c2b470b88ba	numeric atlas occupancy mask
Source/Tools/ImageBaker.cpp	18	c02cbb03c19dcf47108208f0f3a2c3bb3a6cea38dd09939f3318c25c6253a5d6	numeric decoded RGBA channels palette indices and animation color values
Source/Tools/ImageBaker.h	1	7bc8fe94d7e81d386df56c14dec96fe1bb567b80788c9bed855dc19a33bd9151	numeric decoded RGBA channel output
Source/Tools/ModelAnimationConverter.cpp	1	0cb26cb1f3a34d34ad1a792f68bd44fe4e6770cfc972f0b7980f6b823ddf2537	numeric canonical-joint presence mask
Source/Tools/EffekseerCompiler.cpp	1	d4e7f899dbd48697a236226344a94ef1d0dc47b2d6f68f58889960530a7bfd1e	numeric HSV/RGB color channels
Source/Tools/SpriteMeshing.cpp	31	bf1be4a1f480e41f6cd9fd8d55201dd1d3b2da463277caff08b9955fc266c33c	numeric RGBA channels binary masks visitation flags and contour directions
Source/Tools/SpriteMeshing.h	1	14426389f6e4cebadc7bfd64324f6aed35e8abe4aba4ead5dc87d9f70fd7cd27	numeric decoded RGBA channel input
