name,src_file,src_line,total_ns,total_perc,counts,mean_ns,min_ns,max_ns,std_ns,percentile_ns,truncated_mean_ns
fo::ServerEngine::UnlockForPropertyAccess,C:\Users\vladr\lf-6\Engine\Examples\MinimalMultiplayer\Engine\Source\Server\Server.cpp,187,141970,0.001451,674,210,10,15896,1356.270432,404,155
fo::NetOutBuffer::StartMsg,C:\Users\vladr\lf-6\Engine\Examples\MinimalMultiplayer\Engine\Source\Common\NetBuffer.cpp,212,2110,0.000022,6,351,80,1260,1450.955961,1013,170
fo::NetworkServerConnection_Asio::NextAsyncRead,C:\Users\vladr\lf-6\Engine\Examples\MinimalMultiplayer\Engine\Source\Server\NetworkServer-Asio.cpp,201,37970,0.000388,3,12656,11360,13370,1124.826209,13357,12300
fo::NetworkServerConnection_Asio::DispatchImpl,C:\Users\vladr\lf-6\Engine\Examples\MinimalMultiplayer\Engine\Source\Server\NetworkServer-Asio.cpp,260,1380,0.000014,6,230,40,640,48384.372318,560,148
fo::EntityLock::Release,C:\Users\vladr\lf-6\Engine\Examples\MinimalMultiplayer\Engine\Source\Server\EntitySync.cpp,229,252735,0.002583,770,328,20,21100,946.020484,700,253
fo::ServerConnection::InBufAccessor::Lock,C:\Users\vladr\lf-6\Engine\Examples\MinimalMultiplayer\Engine\Source\Server\ServerConnection.cpp,103,6860,0.000070,57,120,10,260,58.827836,202,113
fo::Properties::ValidateFiniteRawData,C:\Users\vladr\lf-6\Engine\Examples\MinimalMultiplayer\Engine\Source\Common\Properties.cpp,2241,105561,0.001079,2556,41,1,12555,365.152321,120,24
fo::GameTimer::IsTimeSynchronized,C:\Users\vladr\lf-6\Engine\Examples\MinimalMultiplayer\Engine\Source\Common\Timer.cpp,50,160737,0.001643,1014,158,10,31056,1035.668986,313,103
fo::Player::Send_TimeSync,C:\Users\vladr\lf-6\Engine\Examples\MinimalMultiplayer\Engine\Source\Server\Player.cpp,685,1860,0.000019,3,620,490,730,3975.977930,721,565
fo::SyncContext::ReleaseLocks,C:\Users\vladr\lf-6\Engine\Examples\MinimalMultiplayer\Engine\Source\Server\EntitySync.cpp,1715,202288,0.002067,1084,186,1,75792,2369.381382,360,59
fo::EntityManager::GetPlayersCount,C:\Users\vladr\lf-6\Engine\Examples\MinimalMultiplayer\Engine\Source\Server\EntityManager.cpp,158,86013,0.000879,327,263,130,600,90.733007,410,252
fo::ServerEngine::SyncPointJob,C:\Users\vladr\lf-6\Engine\Examples\MinimalMultiplayer\Engine\Source\Server\Server.cpp,738,456413,0.004664,327,1395,520,44811,22360.314533,1850,1187
fo::ServerEngine::OnSaveSynchronizedTime,C:\Users\vladr\lf-6\Engine\Examples\MinimalMultiplayer\Engine\Source\Server\Server.cpp,3732,257535,0.002632,340,757,50,114843,7068.062479,450,227
fo::ServerConnection::InBufAccessor::~InBufAccessor,C:\Users\vladr\lf-6\Engine\Examples\MinimalMultiplayer\Engine\Source\Server\ServerConnection.cpp,96,31910,0.000326,54,590,10,14960,2134.458528,353,212
fo::NetworkServerConnection::Dispatch,C:\Users\vladr\lf-6\Engine\Examples\MinimalMultiplayer\Engine\Source\Server\NetworkServer.cpp,159,1310,0.000013,6,218,20,460,48710.703134,458,170
fo::GameTimer::GetSynchronizedTime,C:\Users\vladr\lf-6\Engine\Examples\MinimalMultiplayer\Engine\Source\Common\Timer.cpp,129,107261,0.001096,1017,105,10,540,85.685161,270,95
fo::EntityLock::TryAcquire,C:\Users\vladr\lf-6\Engine\Examples\MinimalMultiplayer\Engine\Source\Server\EntitySync.cpp,465,31472,0.000322,96,327,50,3771,407.114079,648,270
fo::SyncContext::SyncEntities,C:\Users\vladr\lf-6\Engine\Examples\MinimalMultiplayer\Engine\Source\Server\EntitySync.cpp,815,532741,0.005445,48,11098,7930,21208,5698.623210,16172,10591
fo::ServerEngine::FrameTimeJob,C:\Users\vladr\lf-6\Engine\Examples\MinimalMultiplayer\Engine\Source\Server\Server.cpp,767,174395,0.001782,674,258,0,25556,11330.412603,490,185
fo::WorkThread::AddJobInternal,C:\Users\vladr\lf-6\Engine\Examples\MinimalMultiplayer\Engine\Source\Essentials\WorkThread.cpp,120,318725,0.003257,1001,318,30,18055,910.062361,630,238
fo::ServerEngine::CountServerStatsJob,C:\Users\vladr\lf-6\Engine\Examples\MinimalMultiplayer\Engine\Source\Server\Server.cpp,173,10772,0.000110,48,224,50,7191,1027.744628,185,68
fo::NetInBuffer::ShrinkReadBuf,C:\Users\vladr\lf-6\Engine\Examples\MinimalMultiplayer\Engine\Source\Common\NetBuffer.cpp,323,820,0.000008,3,273,180,340,513.705655,336,240
fo::NetBuffer::GrowBuf,C:\Users\vladr\lf-6\Engine\Examples\MinimalMultiplayer\Engine\Source\Common\NetBuffer.cpp,113,670,0.000007,26,25,10,80,21.587033,75,21
fo::ServerEngine::RequireCurrentSyncContext,C:\Users\vladr\lf-6\Engine\Examples\MinimalMultiplayer\Engine\Source\Server\Server.cpp,105,13490,0.000138,48,281,140,3400,466.148730,419,203
fo::NetworkServerConnection::ReceiveCallback,C:\Users\vladr\lf-6\Engine\Examples\MinimalMultiplayer\Engine\Source\Server\NetworkServer.cpp,197,2760,0.000028,3,920,760,1110,16534.135901,1088,825
fo::NetInBuffer::Pop,C:\Users\vladr\lf-6\Engine\Examples\MinimalMultiplayer\Engine\Source\Common\NetBuffer.cpp,303,830,0.000008,3,276,210,310,76.446059,310,276
fo::NetInBuffer::NeedProcess,C:\Users\vladr\lf-6\Engine\Examples\MinimalMultiplayer\Engine\Source\Common\NetBuffer.cpp,427,18610,0.000190,51,364,30,6180,1246.150360,1745,82
fo::StreamCompressor::Compress,C:\Users\vladr\lf-6\Engine\Examples\MinimalMultiplayer\Engine\Source\Essentials\Compressor.cpp,122,44012,0.000450,6,7335,5711,9820,1837.801513,9723,6838
fo::NetBuffer::CopyBuf,C:\Users\vladr\lf-6\Engine\Examples\MinimalMultiplayer\Engine\Source\Common\NetBuffer.cpp,130,5241,0.000054,56,93,10,1660,274.060345,253,37
fo::NetInBuffer::ReadMsg,C:\Users\vladr\lf-6\Engine\Examples\MinimalMultiplayer\Engine\Source\Common\NetBuffer.cpp,379,590,0.000006,3,196,150,220,134.402381,220,196
fo::ServerEngine::LockForPropertyAccess,C:\Users\vladr\lf-6\Engine\Examples\MinimalMultiplayer\Engine\Source\Server\Server.cpp,180,261646,0.002674,674,388,10,11600,3312.781201,854,323
fo::EntityLock::Acquire,C:\Users\vladr\lf-6\Engine\Examples\MinimalMultiplayer\Engine\Source\Server\EntitySync.cpp,81,355439,0.003633,674,527,50,78547,3189.150585,784,317
fo::ServerConnection::AsyncSendData,C:\Users\vladr\lf-6\Engine\Examples\MinimalMultiplayer\Engine\Source\Server\ServerConnection.cpp,335,5660,0.000058,9,628,150,1840,6834.371643,1528,477
fo::NetBuffer::EncryptKey,C:\Users\vladr\lf-6\Engine\Examples\MinimalMultiplayer\Engine\Source\Common\NetBuffer.cpp,79,1520,0.000016,68,22,10,110,19.251672,56,18
fo::Properties::SetRawData,C:\Users\vladr\lf-6\Engine\Examples\MinimalMultiplayer\Engine\Source\Common\Properties.cpp,1571,247931,0.002534,1685,147,1,50103,1283.588300,498,77
fo::SyncContext::Release,C:\Users\vladr\lf-6\Engine\Examples\MinimalMultiplayer\Engine\Source\Server\EntitySync.cpp,1318,216727,0.002215,1049,206,10,15896,2551.128008,470,146
fo::ServerEngine::UpdateJobStats,C:\Users\vladr\lf-6\Engine\Examples\MinimalMultiplayer\Engine\Source\Server\Server.cpp,901,109272,0.001117,327,334,110,23100,1419.990831,337,183
fo::ServerEngine::GetCompletedServerJobsCount,C:\Users\vladr\lf-6\Engine\Examples\MinimalMultiplayer\Engine\Source\Server\Server.cpp,1012,23381,0.000239,327,71,40,490,39.436444,110,67
fo::ServerConnection::OutBufAccessor::~OutBufAccessor,C:\Users\vladr\lf-6\Engine\Examples\MinimalMultiplayer\Engine\Source\Server\ServerConnection.cpp,61,2400,0.000025,6,400,160,850,49744.512268,785,310
fo::ServerConnection::AsyncReceiveData,C:\Users\vladr\lf-6\Engine\Examples\MinimalMultiplayer\Engine\Source\Server\ServerConnection.cpp,360,4610,0.000047,3,1536,1430,1620,14651.571042,1614,1495
fo::NetworkServerConnection_Asio::AsyncReadComplete,C:\Users\vladr\lf-6\Engine\Examples\MinimalMultiplayer\Engine\Source\Server\NetworkServer-Asio.cpp,186,1611,0.000016,3,537,330,751,33158.186274,729,430
fo::ServerEngine::Process_Ping,C:\Users\vladr\lf-6\Engine\Examples\MinimalMultiplayer\Engine\Source\Server\Server.cpp,2836,2440,0.000025,3,813,630,940,83781.429473,933,750
fo::NetInBuffer::ResetBuf,C:\Users\vladr\lf-6\Engine\Examples\MinimalMultiplayer\Engine\Source\Common\NetBuffer.cpp,268,900,0.000009,3,300,190,430,173.349358,415,235
fo::GameTimer::FrameAdvance,C:\Users\vladr\lf-6\Engine\Examples\MinimalMultiplayer\Engine\Source\Common\Timer.cpp,94,264510,0.002703,674,392,20,20361,1005.831331,814,296
fo::NetBuffer::ResetBuf,C:\Users\vladr\lf-6\Engine\Examples\MinimalMultiplayer\Engine\Source\Common\NetBuffer.cpp,101,230,0.000002,3,76,50,100,25.179357,98,65
fo::EntityLock::TryRegisterDescendantHold,C:\Users\vladr\lf-6\Engine\Examples\MinimalMultiplayer\Engine\Source\Server\EntitySync.cpp,329,37483,0.000383,96,390,90,4090,439.001055,710,336
fo::BaseEngine::FrameAdvance,C:\Users\vladr\lf-6\Engine\Examples\MinimalMultiplayer\Engine\Source\Common\EngineBase.cpp,1196,2412419,0.024654,674,3579,260,43728,9489.076966,8021,2900
fo::NetOutBuffer::Push,C:\Users\vladr\lf-6\Engine\Examples\MinimalMultiplayer\Engine\Source\Common\NetBuffer.cpp,142,2910,0.000030,24,121,30,430,481.693751,377,95
fo::EntityLock::UnregisterDescendantHold,C:\Users\vladr\lf-6\Engine\Examples\MinimalMultiplayer\Engine\Source\Server\EntitySync.cpp,350,16270,0.000166,96,169,20,4200,428.459861,343,116
fo::ServerConnection::StartAsyncSend,C:\Users\vladr\lf-6\Engine\Examples\MinimalMultiplayer\Engine\Source\Server\ServerConnection.cpp,328,1360,0.000014,6,226,30,610,49039.795438,555,150
fo::ServerEngine::ProcessPlayer,C:\Users\vladr\lf-6\Engine\Examples\MinimalMultiplayer\Engine\Source\Server\Server.cpp,2043,72814,0.000744,48,1516,830,14391,20697.567492,2360,1181
fo::SyncContext::ReleaseSingletonLocks,C:\Users\vladr\lf-6\Engine\Examples\MinimalMultiplayer\Engine\Source\Server\EntitySync.cpp,1376,44279,0.000453,1021,43,1,350,44.549422,120,37
fo::NetworkServerConnection::SendCallback,C:\Users\vladr\lf-6\Engine\Examples\MinimalMultiplayer\Engine\Source\Server\NetworkServer.cpp,186,2010,0.000021,9,223,60,370,7430.554749,358,205
fo::ServerEngine::CalculateBusyCpuLoad,C:\Users\vladr\lf-6\Engine\Examples\MinimalMultiplayer\Engine\Source\Server\Server.cpp,996,710,0.000007,10,71,20,310,86.210337,202,44
fo::Player::Send_Ping,C:\Users\vladr\lf-6\Engine\Examples\MinimalMultiplayer\Engine\Source\Server\Player.cpp,748,4691,0.000048,3,1563,1520,1601,81132.117897,1598,1545
fo::ServerEngine::UpdateCpuStats,C:\Users\vladr\lf-6\Engine\Examples\MinimalMultiplayer\Engine\Source\Server\Server.cpp,938,72163,0.000737,327,220,60,1950,21711.786076,420,188
fo::ServerEngine::PlayerJob,C:\Users\vladr\lf-6\Engine\Examples\MinimalMultiplayer\Engine\Source\Server\Server.cpp,867,105597,0.001079,48,2199,1400,9435,32331.716583,3033,1951
fo::NetOutBuffer::EndMsg,C:\Users\vladr\lf-6\Engine\Examples\MinimalMultiplayer\Engine\Source\Common\NetBuffer.cpp,230,1320,0.000013,6,220,80,390,204.216062,390,220
fo::SyncContext::SyncEntity,C:\Users\vladr\lf-6\Engine\Examples\MinimalMultiplayer\Engine\Source\Server\EntitySync.cpp,1093,17530,0.000179,48,365,220,970,16123.564457,607,340
fo::ServerEngine::SyncPoint,C:\Users\vladr\lf-6\Engine\Examples\MinimalMultiplayer\Engine\Source\Server\Server.cpp,1306,90021,0.000920,327,275,100,3950,234.527759,480,252
fo::SyncContext::~SyncContext,C:\Users\vladr\lf-6\Engine\Examples\MinimalMultiplayer\Engine\Source\Server\EntitySync.cpp,673,94391,0.000965,1019,92,1,22521,917.699429,120,40
fo::SyncContext::SyncContext,C:\Users\vladr\lf-6\Engine\Examples\MinimalMultiplayer\Engine\Source\Server\EntitySync.cpp,668,53831,0.000550,1033,52,1,3200,106.563566,100,43
fo::ServerConnection::InBufAccessor::InBufAccessor,C:\Users\vladr\lf-6\Engine\Examples\MinimalMultiplayer\Engine\Source\Server\ServerConnection.cpp,89,12751,0.000130,54,236,20,3720,509.619040,301,162
fo::NetworkServerConnection_Asio::AsyncWriteComplete,C:\Users\vladr\lf-6\Engine\Examples\MinimalMultiplayer\Engine\Source\Server\NetworkServer-Asio.cpp,224,590,0.000006,6,98,30,170,30609.313465,168,84
fo::SyncContext::AcquireLocks,C:\Users\vladr\lf-6\Engine\Examples\MinimalMultiplayer\Engine\Source\Server\EntitySync.cpp,1433,137033,0.001400,48,2854,1820,6290,1834.520588,3982,2721
fo::NetworkServerConnection_Asio::StartAsyncWrite,C:\Users\vladr\lf-6\Engine\Examples\MinimalMultiplayer\Engine\Source\Server\NetworkServer-Asio.cpp,213,980,0.000010,6,163,30,350,48116.182390,333,126
fo::NetworkServerConnection_Asio::NextAsyncWrite,C:\Users\vladr\lf-6\Engine\Examples\MinimalMultiplayer\Engine\Source\Server\NetworkServer-Asio.cpp,239,247703,0.002531,9,27522,110,59051,28505.706448,58855,23581
fo::ServerConnection::OutBufAccessor::OutBufAccessor,C:\Users\vladr\lf-6\Engine\Examples\MinimalMultiplayer\Engine\Source\Server\ServerConnection.cpp,44,1940,0.000020,6,323,60,710,1737.631376,693,246
fo::NetOutBuffer::DiscardWriteBuf,C:\Users\vladr\lf-6\Engine\Examples\MinimalMultiplayer\Engine\Source\Common\NetBuffer.cpp,173,410,0.000004,6,68,10,100,33.117971,100,68
fo::NetInBuffer::AddData,C:\Users\vladr\lf-6\Engine\Examples\MinimalMultiplayer\Engine\Source\Common\NetBuffer.cpp,277,1500,0.000015,3,500,260,700,359.861084,684,400
fo::Platform::GetCpuUsageSnapshot,C:\Users\vladr\lf-6\Engine\Examples\MinimalMultiplayer\Engine\Source\Essentials\Platform.cpp,354,867752,0.008868,5,173550,162588,188854,12385.990211,188081,169724
fo::ServerConnection::InBufAccessor::Unlock,C:\Users\vladr\lf-6\Engine\Examples\MinimalMultiplayer\Engine\Source\Server\ServerConnection.cpp,112,5500,0.000056,60,91,10,220,47.738696,170,87
fo::WorkerPool::Wake,C:\Users\vladr\lf-6\Engine\Examples\MinimalMultiplayer\Engine\Source\Server\WorkerPool.cpp,156,33580,0.000343,3,11193,10020,12300,1141.461125,12196,10640
fo::NetBuffer::GetData,C:\Users\vladr\lf-6\Engine\Examples\MinimalMultiplayer\Engine\Source\Common\NetBuffer.cpp,48,310,0.000003,6,51,20,80,21.382236,78,46
fo::ServerEngine::ProcessConnection,C:\Users\vladr\lf-6\Engine\Examples\MinimalMultiplayer\Engine\Source\Server\Server.cpp,2131,45000,0.000460,48,937,490,5520,702.323075,1133,820
